{
  "rtime": 2.4938600063323975,
  "utime": 0.346132,
  "stime": 0.008975,
  "cutime": 2.670215,
  "cstime": 0.267811,
  "minor_gb": 0.3234451338648796,
  "promoted_gb": 0.0029472336173057556,
  "major_gb": 0.002983585000038147,
  "allocated_gb": 0.323481485247612,
  "minor_collections": 166,
  "major_collections": 2,
  "compactions": 0,
  "top_heap_gb": 0.003662109375,
  "stack_kb": 0.5234375,
  "minor_heap_kb": 8192.0,
  "attributes_table": {
    "num_bindings": 0,
    "num_buckets": 16,
    "max_bucket_length": 0
  }
}